opencode-历史会话知识点总结.md	00-知识库/03-来源索引/OpenCode历史会话知识点索引.md
clippings/TrueNAS Scale Complete Guide - Everything You Need to Know.md	90-原始资料/01-视频与网页剪藏/存储与NAS/TrueNAS Scale Complete Guide-完整转录.md
clippings/1内核模块   Linux最简单的内核模块，入门内核编程和设备驱动开发.md	90-原始资料/01-视频与网页剪藏/Linux内核/Linux最简单的内核模块-视频转录.md
clippings/TrueNAS Scale 完全指南.md	30-系统工程/05-存储与NAS/01-TrueNAS/TrueNAS Scale完全指南.md
clippings/How to create a Debian respin using Live-Build and the custom script written by @eznix.md	90-原始资料/01-视频与网页剪藏/Linux发行版/How to create a Debian respin using Live-Build.md
clippings/Creating Your Own Linux Distribution.md	90-原始资料/01-视频与网页剪藏/Linux发行版/Creating Your Own Linux Distribution.md
clippings/Learn Vue.js – Tutorial for Beginners.md	90-原始资料/01-视频与网页剪藏/前端开发/Learn Vue.js Tutorial for Beginners-完整转录.md
clippings/Learn Vue.js - Tutorial for Beginners.md	20-软件开发/01-前端开发/01-Vue/90-课程笔记/Learn Vue.js课程笔记.md
cw/sub2api.md	70-项目/02-sub2api/部署与排错.md
cw/Lazygit.md	20-软件开发/06-版本控制/02-Lazygit快捷键与功能.md
cw/git.md	20-软件开发/06-版本控制/01-Git命令速查手册.md
cw/Unpacking the Linux WiFi Stack Writing and Integrating Wireless Drivers - Alexis Lothoré, Bootlin.md	90-原始资料/01-视频与网页剪藏/Linux内核/Linux WiFi Stack and Wireless Drivers-完整转录.md
note/01-linux-系统管理.md	30-系统工程/01-Linux系统管理/90-历史会话汇总/Linux系统管理与命令.md
note/02-arch-包管理.md	30-系统工程/01-Linux系统管理/90-历史会话汇总/Arch Linux与包管理.md
note/03-samba-smb-cifs.md	30-系统工程/06-Samba与SMB/90-历史会话汇总/Samba-SMB-CIFS.md
note/04-网络与无线.md	30-系统工程/04-网络与无线/90-历史会话汇总/网络与无线技术.md
note/05-golang.md	20-软件开发/02-Go语言/90-历史会话汇总/Go语言.md
note/06-git.md	20-软件开发/06-版本控制/90-历史会话汇总/Git版本控制.md
note/07-数据库.md	20-软件开发/04-数据库/90-历史会话汇总/数据库.md
note/08-docker.md	30-系统工程/07-容器与部署/90-历史会话汇总/Docker.md
note/09-vscode-ide.md	20-软件开发/07-开发工具/90-历史会话汇总/VSCode与IDE配置.md
note/10-前端开发.md	20-软件开发/01-前端开发/90-历史会话汇总/前端开发.md
note/11-后端架构与API.md	70-项目/01-AiNAS/90-历史会话汇总/后端架构与API.md
note/12-紫微斗数与八字.md	70-项目/03-命理软件/90-历史会话汇总/紫微斗数与八字命理系统.md
note/13-测试与代码质量.md	20-软件开发/05-测试与代码质量/90-历史会话汇总/测试与代码质量.md
note/14-桌面环境.md	30-系统工程/08-桌面与互操作/90-历史会话汇总/桌面环境.md
note/15-文件系统与存储.md	10-计算机科学/03-文件系统与存储/90-历史会话汇总/文件系统与存储.md
note/16-Windows互操作.md	30-系统工程/08-桌面与互操作/90-历史会话汇总/Windows互操作.md
note/17-输入法.md	30-系统工程/08-桌面与互操作/90-历史会话汇总/输入法.md
note/18-多媒体.md	30-系统工程/08-桌面与互操作/90-历史会话汇总/多媒体与文档.md
note/19-硬件与驱动.md	30-系统工程/02-Linux内核与驱动/90-历史会话汇总/硬件与驱动.md
note/20-AI工具与开发环境.md	40-AI与自动化/01-LLM工具/90-历史会话汇总/AI工具与开发环境.md
note/21-通用知识与工具.md	00-知识库/04-跨领域笔记/通用知识与工具.md
mingli/00-Meta/学习路径MOC.md	50-命理/00-Meta/命理学习路径MOC.md
mingli/00-Meta/五行体系MOC.md	50-命理/00-Meta/五行体系MOC.md
mingli/00-Meta/干支体系MOC.md	50-命理/00-Meta/干支体系MOC.md
mingli/00-Meta/十神体系MOC.md	50-命理/00-Meta/十神体系MOC.md
mingli/00-Meta/格局体系MOC.md	50-命理/00-Meta/格局体系MOC.md
mingli/00-Meta/调候体系MOC.md	50-命理/00-Meta/调候体系MOC.md
mingli/00-Meta/紫微体系MOC.md	50-命理/00-Meta/紫微体系MOC.md
mingli/00-Meta/目录规范与文档体系.md	50-命理/00-Meta/目录规范与文档体系.md
mingli/00-Meta/关系索引与知识图谱.md	50-命理/00-Meta/关系索引与知识图谱.md
mingli/00-Meta/知识体系架构图与学习流程.md	50-命理/00-Meta/知识体系架构图与学习流程.md
mingli/01-经典原文/渊海子平.md	50-命理/01-经典原文/渊海子平.md
mingli/01-经典原文/三命通会.md	50-命理/01-经典原文/三命通会.md
mingli/01-经典原文/三命通会_白话.md	50-命理/01-经典原文/三命通会_白话.md
mingli/01-经典原文/滴天髓阐微.md	50-命理/01-经典原文/滴天髓阐微.md
mingli/01-经典原文/穷通宝鉴.md	50-命理/01-经典原文/穷通宝鉴.md
mingli/01-经典原文/天纪-紫微斗数-笔记.md	50-命理/01-经典原文/天纪-紫微斗数-笔记.md
mingli/01-经典原文/天纪-紫微详解.md	50-命理/01-经典原文/天纪-紫微详解.md
mingli/06-卡片库/卡片_相妙于旺.md	50-命理/06-卡片库/卡片_相妙于旺.md
mingli/06-卡片库/卡片_子复母仇.md	50-命理/06-卡片库/卡片_子复母仇.md
mingli/06-卡片库/卡片_伤官见官.md	50-命理/06-卡片库/卡片_伤官见官.md
mingli/06-卡片库/卡片_有病得药.md	50-命理/06-卡片库/卡片_有病得药.md
mingli/06-卡片库/卡片_调候为先.md	50-命理/06-卡片库/卡片_调候为先.md
mingli/templates/tpl_概念笔记.md	00-知识库/02-模板/命理/tpl_概念笔记.md
mingli/templates/tpl_读书笔记.md	00-知识库/02-模板/命理/tpl_读书笔记.md
mingli/templates/tpl_卡片.md	00-知识库/02-模板/命理/tpl_卡片.md
mingli/templates/tpl_断命实例.md	00-知识库/02-模板/命理/tpl_断命实例.md
mingli/05-专题研究/日主论命/甲木日主.md	50-命理/05-专题研究/日主论命/甲木日主.md
mingli/05-专题研究/日主论命/乙木日主.md	50-命理/05-专题研究/日主论命/乙木日主.md
mingli/05-专题研究/日主论命/丙火日主.md	50-命理/05-专题研究/日主论命/丙火日主.md
mingli/05-专题研究/日主论命/丁火日主.md	50-命理/05-专题研究/日主论命/丁火日主.md
mingli/05-专题研究/日主论命/戊土日主.md	50-命理/05-专题研究/日主论命/戊土日主.md
mingli/05-专题研究/日主论命/己土日主.md	50-命理/05-专题研究/日主论命/己土日主.md
mingli/05-专题研究/日主论命/庚金日主.md	50-命理/05-专题研究/日主论命/庚金日主.md
mingli/05-专题研究/日主论命/辛金日主.md	50-命理/05-专题研究/日主论命/辛金日主.md
mingli/05-专题研究/日主论命/壬水日主.md	50-命理/05-专题研究/日主论命/壬水日主.md
mingli/05-专题研究/日主论命/癸水日主.md	50-命理/05-专题研究/日主论命/癸水日主.md
mingli/05-专题研究/月令取格/月令取格总论.md	50-命理/05-专题研究/月令取格/月令取格总论.md
mingli/05-专题研究/月令取格/十二月令.md	50-命理/05-专题研究/月令取格/十二月令.md
mingli/05-专题研究/纳音五行/纳音五行总论.md	50-命理/05-专题研究/纳音五行/纳音五行总论.md
mingli/05-专题研究/日课推算/八字推算今日运势深度研究.md	50-命理/05-专题研究/日课推算/八字推算今日运势深度研究.md
mingli/04-学习笔记/读书笔记/渊海子平读书笔记.md	50-命理/04-学习笔记/读书笔记/渊海子平读书笔记.md
mingli/04-学习笔记/读书笔记/三命通会读书笔记.md	50-命理/04-学习笔记/读书笔记/三命通会读书笔记.md
mingli/04-学习笔记/读书笔记/滴天髓读书笔记.md	50-命理/04-学习笔记/读书笔记/滴天髓读书笔记.md
mingli/04-学习笔记/读书笔记/穷通宝鉴读书笔记.md	50-命理/04-学习笔记/读书笔记/穷通宝鉴读书笔记.md
mingli/04-学习笔记/读书笔记/The Google File System 论文知识笔记.md	10-计算机科学/02-分布式系统/01-论文笔记/The Google File System 论文知识笔记.md
mingli/03-技法体系/取用神/用神总论.md	50-命理/03-技法体系/取用神/用神总论.md
mingli/03-技法体系/取用神/扶抑取用.md	50-命理/03-技法体系/取用神/扶抑取用.md
mingli/03-技法体系/取用神/调候取用.md	50-命理/03-技法体系/取用神/调候取用.md
mingli/03-技法体系/取用神/通关取用.md	50-命理/03-技法体系/取用神/通关取用.md
mingli/03-技法体系/取用神/从格取用.md	50-命理/03-技法体系/取用神/从格取用.md
mingli/03-技法体系/取用神/日主强弱判断.md	50-命理/03-技法体系/取用神/日主强弱判断.md
mingli/03-技法体系/调候/调候总论.md	50-命理/03-技法体系/调候/调候总论.md
mingli/03-技法体系/调候/甲木调候.md	50-命理/03-技法体系/调候/甲木调候.md
mingli/03-技法体系/调候/乙木调候.md	50-命理/03-技法体系/调候/乙木调候.md
mingli/03-技法体系/调候/丙火调候.md	50-命理/03-技法体系/调候/丙火调候.md
mingli/03-技法体系/调候/丁火调候.md	50-命理/03-技法体系/调候/丁火调候.md
mingli/03-技法体系/调候/戊土调候.md	50-命理/03-技法体系/调候/戊土调候.md
mingli/03-技法体系/调候/己土调候.md	50-命理/03-技法体系/调候/己土调候.md
mingli/03-技法体系/调候/庚金调候.md	50-命理/03-技法体系/调候/庚金调候.md
mingli/03-技法体系/调候/辛金调候.md	50-命理/03-技法体系/调候/辛金调候.md
mingli/03-技法体系/调候/壬水调候.md	50-命理/03-技法体系/调候/壬水调候.md
mingli/03-技法体系/调候/癸水调候.md	50-命理/03-技法体系/调候/癸水调候.md
mingli/03-技法体系/断命实例/实例_001.md	50-命理/03-技法体系/断命实例/实例_001.md
mingli/03-技法体系/断命实例/实例_002.md	50-命理/03-技法体系/断命实例/实例_002.md
mingli/03-技法体系/断命实例/实例_003.md	50-命理/03-技法体系/断命实例/实例_003.md
mingli/03-技法体系/断命实例/实例_004.md	50-命理/03-技法体系/断命实例/实例_004.md
mingli/03-技法体系/断命实例/实例_005.md	50-命理/03-技法体系/断命实例/实例_005.md
mingli/02-概念体系/五行/五行总论.md	50-命理/02-概念体系/五行/五行总论.md
mingli/02-概念体系/五行/木.md	50-命理/02-概念体系/五行/木.md
mingli/02-概念体系/五行/火.md	50-命理/02-概念体系/五行/火.md
mingli/02-概念体系/五行/土.md	50-命理/02-概念体系/五行/土.md
mingli/02-概念体系/五行/金.md	50-命理/02-概念体系/五行/金.md
mingli/02-概念体系/五行/水.md	50-命理/02-概念体系/五行/水.md
mingli/02-概念体系/五行/阴阳.md	50-命理/02-概念体系/五行/阴阳.md
mingli/02-概念体系/五行/六十四卦.md	50-命理/02-概念体系/五行/六十四卦.md
mingli/02-概念体系/干支/天干总论.md	50-命理/02-概念体系/干支/天干总论.md
mingli/02-概念体系/干支/地支总论.md	50-命理/02-概念体系/干支/地支总论.md
mingli/02-概念体系/干支/天干相合.md	50-命理/02-概念体系/干支/天干相合.md
mingli/02-概念体系/干支/天干相克.md	50-命理/02-概念体系/干支/天干相克.md
mingli/02-概念体系/干支/地支六合.md	50-命理/02-概念体系/干支/地支六合.md
mingli/02-概念体系/干支/地支三合.md	50-命理/02-概念体系/干支/地支三合.md
mingli/02-概念体系/干支/地支六冲.md	50-命理/02-概念体系/干支/地支六冲.md
mingli/02-概念体系/干支/地支三刑.md	50-命理/02-概念体系/干支/地支三刑.md
mingli/02-概念体系/干支/地支六害.md	50-命理/02-概念体系/干支/地支六害.md
mingli/02-概念体系/干支/六十甲子.md	50-命理/02-概念体系/干支/六十甲子.md
mingli/02-概念体系/十神/十神总论.md	50-命理/02-概念体系/十神/十神总论.md
mingli/02-概念体系/十神/正官.md	50-命理/02-概念体系/十神/正官.md
mingli/02-概念体系/十神/七杀.md	50-命理/02-概念体系/十神/七杀.md
mingli/02-概念体系/十神/正印.md	50-命理/02-概念体系/十神/正印.md
mingli/02-概念体系/十神/偏印.md	50-命理/02-概念体系/十神/偏印.md
mingli/02-概念体系/十神/正财.md	50-命理/02-概念体系/十神/正财.md
mingli/02-概念体系/十神/偏财.md	50-命理/02-概念体系/十神/偏财.md
mingli/02-概念体系/十神/食神.md	50-命理/02-概念体系/十神/食神.md
mingli/02-概念体系/十神/伤官.md	50-命理/02-概念体系/十神/伤官.md
mingli/02-概念体系/十神/比肩.md	50-命理/02-概念体系/十神/比肩.md
mingli/02-概念体系/十神/劫财.md	50-命理/02-概念体系/十神/劫财.md
mingli/02-概念体系/十神/十神组合.md	50-命理/02-概念体系/十神/十神组合.md
mingli/02-概念体系/格局/格局总论.md	50-命理/02-概念体系/格局/格局总论.md
mingli/02-概念体系/格局/正官格.md	50-命理/02-概念体系/格局/正官格.md
mingli/02-概念体系/格局/七杀格.md	50-命理/02-概念体系/格局/七杀格.md
mingli/02-概念体系/格局/正财格.md	50-命理/02-概念体系/格局/正财格.md
mingli/02-概念体系/格局/偏财格.md	50-命理/02-概念体系/格局/偏财格.md
mingli/02-概念体系/格局/印格.md	50-命理/02-概念体系/格局/印格.md
mingli/02-概念体系/格局/食伤格.md	50-命理/02-概念体系/格局/食伤格.md
mingli/02-概念体系/格局/禄刃格.md	50-命理/02-概念体系/格局/禄刃格.md
mingli/02-概念体系/格局/从格.md	50-命理/02-概念体系/格局/从格.md
mingli/02-概念体系/格局/杂气格.md	50-命理/02-概念体系/格局/杂气格.md
mingli/02-概念体系/格局/专旺格.md	50-命理/02-概念体系/格局/专旺格.md
mingli/02-概念体系/格局/化气格.md	50-命理/02-概念体系/格局/化气格.md
mingli/02-概念体系/格局/特殊外格.md	50-命理/02-概念体系/格局/特殊外格.md
mingli/02-概念体系/神煞/神煞总论.md	50-命理/02-概念体系/神煞/神煞总论.md
mingli/02-概念体系/神煞/天乙贵人.md	50-命理/02-概念体系/神煞/天乙贵人.md
mingli/02-概念体系/神煞/驿马.md	50-命理/02-概念体系/神煞/驿马.md
mingli/02-概念体系/神煞/华盖.md	50-命理/02-概念体系/神煞/华盖.md
mingli/02-概念体系/神煞/桃花.md	50-命理/02-概念体系/神煞/桃花.md
mingli/02-概念体系/神煞/羊刃.md	50-命理/02-概念体系/神煞/羊刃.md
mingli/02-概念体系/神煞/吉神_年干取.md	50-命理/02-概念体系/神煞/吉神_年干取.md
mingli/02-概念体系/神煞/凶煞_年支取.md	50-命理/02-概念体系/神煞/凶煞_年支取.md
mingli/02-概念体系/神煞/凶煞_年支取_续.md	50-命理/02-概念体系/神煞/凶煞_年支取_续.md
mingli/02-概念体系/神煞/神煞_月支取.md	50-命理/02-概念体系/神煞/神煞_月支取.md
mingli/02-概念体系/神煞/神煞_日干取.md	50-命理/02-概念体系/神煞/神煞_日干取.md
mingli/02-概念体系/神煞/神煞_日支取.md	50-命理/02-概念体系/神煞/神煞_日支取.md
mingli/02-概念体系/神煞/神煞_特殊煞.md	50-命理/02-概念体系/神煞/神煞_特殊煞.md
mingli/02-概念体系/神煞/神煞_禄马格.md	50-命理/02-概念体系/神煞/神煞_禄马格.md
mingli/02-概念体系/神煞/特殊日柱.md	50-命理/02-概念体系/神煞/特殊日柱.md
mingli/02-概念体系/大运流年/大运总论.md	50-命理/02-概念体系/大运流年/大运总论.md
mingli/02-概念体系/大运流年/十二长生.md	50-命理/02-概念体系/大运流年/十二长生.md
mingli/02-概念体系/大运流年/日课推算法.md	50-命理/02-概念体系/大运流年/日课推算法.md
mingli/02-概念体系/大运流年/每日干支与用神的关系速查.md	50-命理/02-概念体系/大运流年/每日干支与用神的关系速查.md
mingli/02-概念体系/大运流年/日课中的神煞应用.md	50-命理/02-概念体系/大运流年/日课中的神煞应用.md
mingli/02-概念体系/大运流年/运势推移.md	50-命理/02-概念体系/大运流年/运势推移.md
mingli/02-概念体系/大运流年/流年总论.md	50-命理/02-概念体系/大运流年/流年总论.md
mingli/02-概念体系/紫微斗数/紫微斗数总论.md	50-命理/02-概念体系/紫微斗数/紫微斗数总论.md
mingli/02-概念体系/紫微斗数/十二宫详解.md	50-命理/02-概念体系/紫微斗数/十二宫详解.md
mingli/02-概念体系/紫微斗数/十四主星.md	50-命理/02-概念体系/紫微斗数/十四主星.md
mingli/02-概念体系/紫微斗数/四化详解.md	50-命理/02-概念体系/紫微斗数/四化详解.md
mingli/02-概念体系/紫微斗数/辅星与煞星.md	50-命理/02-概念体系/紫微斗数/辅星与煞星.md
mingli/02-概念体系/紫微斗数/格局与组合.md	50-命理/02-概念体系/紫微斗数/格局与组合.md
mingli/02-概念体系/紫微斗数/紫微命盘解读.md	50-命理/02-概念体系/紫微斗数/紫微命盘解读.md
os/00-Meta/目录规范.md	10-计算机科学/01-操作系统/00-索引/原OS知识库目录规范.md
os/00-Meta/学习路径MOC.md	10-计算机科学/01-操作系统/00-索引/操作系统学习路径MOC.md
os/00-Meta/OS理论MOC.md	10-计算机科学/01-操作系统/00-索引/OS理论MOC.md
os/00-Meta/Linux实操MOC.md	30-系统工程/01-Linux系统管理/00-索引/Linux实操MOC.md
os/03-Shell编程/Shell编程基础.md	30-系统工程/03-Shell编程/Shell编程基础.md
os/05-卡片库/卡片模板说明.md	30-系统工程/01-Linux系统管理/91-卡片库/卡片模板说明.md
os/templates/tpl_理论概念.md	00-知识库/02-模板/系统工程/tpl_理论概念.md
os/templates/tpl_命令笔记.md	00-知识库/02-模板/系统工程/tpl_命令笔记.md
os/04-WorkSpace/How Linux Boots.md	90-原始资料/01-视频与网页剪藏/Linux系统/How Linux Boots.md
os/04-WorkSpace/企业级定制化NAS操作系统设计与构建白皮书.md	70-项目/01-AiNAS/01-设计文档/企业级定制化NAS操作系统设计与构建白皮书.md
os/04-WorkSpace/Linux启动流程详解.md	30-系统工程/01-Linux系统管理/03-启动与服务/Linux启动流程详解.md
os/06-samba/Samba学习索引.md	30-系统工程/06-Samba与SMB/Samba学习索引.md
os/06-samba/01-SMB协议原理/SMB协议总览.md	30-系统工程/06-Samba与SMB/01-SMB协议原理/SMB协议总览.md
os/06-samba/01-SMB协议原理/SMB报文格式.md	30-系统工程/06-Samba与SMB/01-SMB协议原理/SMB报文格式.md
os/06-samba/01-SMB协议原理/SMB会话建立流程.md	30-系统工程/06-Samba与SMB/01-SMB协议原理/SMB会话建立流程.md
os/06-samba/01-SMB协议原理/SMB认证机制.md	30-系统工程/06-Samba与SMB/01-SMB协议原理/SMB认证机制.md
os/06-samba/01-SMB协议原理/SMB2特性详解.md	30-系统工程/06-Samba与SMB/01-SMB协议原理/SMB2特性详解.md
os/06-samba/01-SMB协议原理/DCE-RPC-over-SMB.md	30-系统工程/06-Samba与SMB/01-SMB协议原理/DCE-RPC-over-SMB.md
os/06-samba/01-SMB协议原理/POSIX文件系统.md	30-系统工程/06-Samba与SMB/01-SMB协议原理/POSIX文件系统.md
os/06-samba/02-Samba部署与配置/Samba架构与组件.md	30-系统工程/06-Samba与SMB/02-Samba部署与配置/Samba架构与组件.md
os/06-samba/02-Samba部署与配置/smb-conf配置详解.md	30-系统工程/06-Samba与SMB/02-Samba部署与配置/smb-conf配置详解.md
os/06-samba/02-Samba部署与配置/Samba部署场景.md	30-系统工程/06-Samba与SMB/02-Samba部署与配置/Samba部署场景.md
os/06-samba/02-Samba部署与配置/Samba调试与排错.md	30-系统工程/06-Samba与SMB/02-Samba部署与配置/Samba调试与排错.md
os/06-samba/02-Samba部署与配置/Samba概念讲解.md	30-系统工程/06-Samba与SMB/02-Samba部署与配置/Samba概念讲解.md
os/06-samba/03-SMB协议实现/SMB2实现路线图.md	30-系统工程/06-Samba与SMB/03-SMB协议实现/SMB2实现路线图.md
os/06-samba/03-SMB协议实现/SMB2报文序列化.md	30-系统工程/06-Samba与SMB/03-SMB协议实现/SMB2报文序列化.md
os/06-samba/03-SMB协议实现/NTLMSSP认证实现.md	30-系统工程/06-Samba与SMB/03-SMB协议实现/NTLMSSP认证实现.md
os/06-samba/03-SMB协议实现/SMB3加密实现.md	30-系统工程/06-Samba与SMB/03-SMB协议实现/SMB3加密实现.md
os/06-samba/03-SMB协议实现/SMB协议规范索引.md	30-系统工程/06-Samba与SMB/03-SMB协议实现/SMB协议规范索引.md
os/linux/debian-respin/使用 Live-Build 创建 Debian Respin.md	30-系统工程/09-自定义Linux发行版/debian-respin/使用 Live-Build 创建 Debian Respin.md
os/linux/custom-distro/创建自定义 Linux 发行版.md	30-系统工程/09-自定义Linux发行版/custom-distro/创建自定义 Linux 发行版.md
os/02-Linux实操/基础命令/基础命令速查.md	30-系统工程/01-Linux系统管理/01-实操/基础命令/基础命令速查.md
os/02-Linux实操/文本处理/文本处理三剑客.md	30-系统工程/01-Linux系统管理/01-实操/文本处理/文本处理三剑客.md
os/02-Linux实操/进程管理/进程管理命令.md	30-系统工程/01-Linux系统管理/01-实操/进程管理/进程管理命令.md
os/02-Linux实操/文件系统操作/文件系统操作命令.md	30-系统工程/01-Linux系统管理/01-实操/文件系统操作/文件系统操作命令.md
os/02-Linux实操/网络工具/网络工具速查.md	30-系统工程/01-Linux系统管理/01-实操/网络工具/网络工具速查.md
os/02-Linux实操/用户与权限/用户与权限管理.md	30-系统工程/01-Linux系统管理/01-实操/用户与权限/用户与权限管理.md
os/02-Linux实操/内核模块/内核模块入门.md	30-系统工程/01-Linux系统管理/01-实操/内核模块/内核模块入门.md
os/02-Linux实操/内核模块/模块参数.md	30-系统工程/01-Linux系统管理/01-实操/内核模块/模块参数.md
os/02-Linux实操/内核模块/符号导出与模块依赖.md	30-系统工程/01-Linux系统管理/01-实操/内核模块/符号导出与模块依赖.md
os/02-Linux实操/内核模块/字符设备驱动基础.md	30-系统工程/01-Linux系统管理/01-实操/内核模块/字符设备驱动基础.md
os/02-Linux实操/内核模块/内核日志与printk.md	30-系统工程/01-Linux系统管理/01-实操/内核模块/内核日志与printk.md
os/02-Linux实操/内核模块/proc文件系统接口.md	30-系统工程/01-Linux系统管理/01-实操/内核模块/proc文件系统接口.md
os/02-Linux实操/内核模块/内核内存管理.md	30-系统工程/01-Linux系统管理/01-实操/内核模块/内核内存管理.md
os/02-Linux实操/内核模块/内核模块调试技巧.md	30-系统工程/01-Linux系统管理/01-实操/内核模块/内核模块调试技巧.md
os/01-OS理论/基础概念/操作系统概述.md	10-计算机科学/01-操作系统/01-理论/基础概念/操作系统概述.md
os/01-OS理论/基础概念/系统调用与用户态内核态.md	10-计算机科学/01-操作系统/01-理论/基础概念/系统调用与用户态内核态.md
os/01-OS理论/基础概念/中断与异常.md	10-计算机科学/01-操作系统/01-理论/基础概念/中断与异常.md
os/01-OS理论/进程管理/进程与线程.md	10-计算机科学/01-操作系统/01-理论/进程管理/进程与线程.md
os/01-OS理论/进程管理/进程调度算法.md	10-计算机科学/01-操作系统/01-理论/进程管理/进程调度算法.md
os/01-OS理论/进程管理/进程同步与互斥.md	10-计算机科学/01-操作系统/01-理论/进程管理/进程同步与互斥.md
os/01-OS理论/进程管理/进程间通信.md	10-计算机科学/01-操作系统/01-理论/进程管理/进程间通信.md
os/01-OS理论/内存管理/内存分配策略.md	10-计算机科学/01-操作系统/01-理论/内存管理/内存分配策略.md
os/01-OS理论/内存管理/虚拟内存.md	10-计算机科学/01-操作系统/01-理论/内存管理/虚拟内存.md
os/01-OS理论/内存管理/分页与分段.md	10-计算机科学/01-操作系统/01-理论/内存管理/分页与分段.md
os/01-OS理论/内存管理/页面置换算法.md	10-计算机科学/01-操作系统/01-理论/内存管理/页面置换算法.md
os/01-OS理论/文件系统/文件系统概述.md	10-计算机科学/01-操作系统/01-理论/文件系统/文件系统概述.md
os/01-OS理论/文件系统/目录结构与文件操作.md	10-计算机科学/01-操作系统/01-理论/文件系统/目录结构与文件操作.md
os/01-OS理论/文件系统/磁盘调度算法.md	10-计算机科学/01-操作系统/01-理论/文件系统/磁盘调度算法.md
os/01-OS理论/文件系统/文件存储分配.md	10-计算机科学/01-操作系统/01-理论/文件系统/文件存储分配.md
os/01-OS理论/死锁/死锁概述.md	10-计算机科学/01-操作系统/01-理论/死锁/死锁概述.md
os/01-OS理论/死锁/死锁预防与避免.md	10-计算机科学/01-操作系统/01-理论/死锁/死锁预防与避免.md
os/01-OS理论/死锁/死锁检测与恢复.md	10-计算机科学/01-操作系统/01-理论/死锁/死锁检测与恢复.md
os/01-OS理论/IO系统/IO模型.md	10-计算机科学/01-操作系统/01-理论/IO系统/IO模型.md
os/01-OS理论/IO系统/DMA与缓冲.md	10-计算机科学/01-操作系统/01-理论/IO系统/DMA与缓冲.md
os/01-OS理论/IO系统/设备管理.md	10-计算机科学/01-操作系统/01-理论/IO系统/设备管理.md
vue/00-索引/Vue3-Knowledge-Map.md	20-软件开发/01-前端开发/01-Vue/00-索引/Vue3-Knowledge-Map.md
vue/01-核心概念/Vue3-Overview.md	20-软件开发/01-前端开发/01-Vue/01-核心概念/Vue3-Overview.md
vue/01-核心概念/Template-Syntax.md	20-软件开发/01-前端开发/01-Vue/01-核心概念/Template-Syntax.md
vue/01-核心概念/Data-Binding.md	20-软件开发/01-前端开发/01-Vue/01-核心概念/Data-Binding.md
vue/01-核心概念/Computed-and-Watch.md	20-软件开发/01-前端开发/01-Vue/01-核心概念/Computed-and-Watch.md
vue/01-核心概念/Class-and-Style.md	20-软件开发/01-前端开发/01-Vue/01-核心概念/Class-and-Style.md
vue/01-核心概念/Conditional-and-List.md	20-软件开发/01-前端开发/01-Vue/01-核心概念/Conditional-and-List.md
vue/01-核心概念/Event-Handling.md	20-软件开发/01-前端开发/01-Vue/01-核心概念/Event-Handling.md
vue/01-核心概念/Form-Bindings.md	20-软件开发/01-前端开发/01-Vue/01-核心概念/Form-Bindings.md
vue/02-组件体系/Component-Basics.md	20-软件开发/01-前端开发/01-Vue/02-组件体系/Component-Basics.md
vue/02-组件体系/Props-and-Emits.md	20-软件开发/01-前端开发/01-Vue/02-组件体系/Props-and-Emits.md
vue/02-组件体系/Slots.md	20-软件开发/01-前端开发/01-Vue/02-组件体系/Slots.md
vue/02-组件体系/Provide-Inject.md	20-软件开发/01-前端开发/01-Vue/02-组件体系/Provide-Inject.md
vue/02-组件体系/Lifecycle-Hooks.md	20-软件开发/01-前端开发/01-Vue/02-组件体系/Lifecycle-Hooks.md
vue/02-组件体系/Async-Components.md	20-软件开发/01-前端开发/01-Vue/02-组件体系/Async-Components.md
vue/03-Composition-API/Setup.md	20-软件开发/01-前端开发/01-Vue/03-Composition-API/Setup.md
vue/03-Composition-API/Ref-and-Reactive.md	20-软件开发/01-前端开发/01-Vue/03-Composition-API/Ref-and-Reactive.md
vue/03-Composition-API/Computed-Watch.md	20-软件开发/01-前端开发/01-Vue/03-Composition-API/Computed-Watch.md
vue/03-Composition-API/Composables.md	20-软件开发/01-前端开发/01-Vue/03-Composition-API/Composables.md
vue/04-响应式原理/Reactivity-In-Depth.md	20-软件开发/01-前端开发/01-Vue/04-响应式原理/Reactivity-In-Depth.md
vue/04-响应式原理/Effect-Scheduling.md	20-软件开发/01-前端开发/01-Vue/04-响应式原理/Effect-Scheduling.md
vue/05-虚拟DOM与编译/Virtual-DOM.md	20-软件开发/01-前端开发/01-Vue/05-虚拟DOM与编译/Virtual-DOM.md
vue/05-虚拟DOM与编译/Compiler-Optimizations.md	20-软件开发/01-前端开发/01-Vue/05-虚拟DOM与编译/Compiler-Optimizations.md
vue/06-Vue-Router/Router-Essentials.md	20-软件开发/01-前端开发/01-Vue/06-Vue-Router/Router-Essentials.md
vue/06-Vue-Router/Navigation-Guards.md	20-软件开发/01-前端开发/01-Vue/06-Vue-Router/Navigation-Guards.md
vue/10-测试/Testing-Guide.md	20-软件开发/01-前端开发/01-Vue/10-测试/Testing-Guide.md
vue/11-性能优化/Performance.md	20-软件开发/01-前端开发/01-Vue/11-性能优化/Performance.md
vue/12-最佳实践/Project-Patterns.md	20-软件开发/01-前端开发/01-Vue/12-最佳实践/Project-Patterns.md
vue/07-Pinia/Pinia-Essentials.md	20-软件开发/01-前端开发/01-Vue/07-Pinia/Pinia-Essentials.md
vue/07-Pinia/Pinia-Advanced.md	20-软件开发/01-前端开发/01-Vue/07-Pinia/Pinia-Advanced.md
vue/08-Vite/Vite-Essentials.md	20-软件开发/01-前端开发/01-Vue/08-Vite/Vite-Essentials.md
vue/09-TypeScript/TS-Integration.md	20-软件开发/01-前端开发/01-Vue/09-TypeScript/TS-Integration.md
vue/13-CSS样式/CSS-Modules.md	20-软件开发/01-前端开发/01-Vue/13-CSS样式/CSS-Modules.md
vue/13-CSS样式/v-bind-in-CSS.md	20-软件开发/01-前端开发/01-Vue/13-CSS样式/v-bind-in-CSS.md
vue/13-CSS样式/预处理器.md	20-软件开发/01-前端开发/01-Vue/13-CSS样式/预处理器.md
vue/13-CSS样式/Transition-Animation.md	20-软件开发/01-前端开发/01-Vue/13-CSS样式/Transition-Animation.md
vue/13-CSS样式/Scoped-CSS.md	20-软件开发/01-前端开发/01-Vue/13-CSS样式/Scoped-CSS.md
vue/13-CSS样式/CSS属性速查手册.md	20-软件开发/01-前端开发/01-Vue/13-CSS样式/CSS属性速查手册.md
